Branch,Fridge,Logger No,Date,Time,Temp (F)
Haifa,Dairy,TL-0231,14/09/2026,06:00,38.3
Haifa,Dairy,TL-0231,14/09/2026,06:15,39.0
Haifa,Dairy,TL-0231,14/09/2026,06:30,ERR
Haifa,Dairy,TL-0231,14/09/2026,06:45,39.1
Haifa,Dairy,TL-0231,14/09/2026,07:00,38.7
Haifa,Dairy,TL-0231,14/09/2026,07:15,37.8
Haifa,Dairy,TL-0231,14/09/2026,07:30,39.0
Haifa,Dairy,TL-0231,14/09/2026,07:45,39.0
Haifa,Dairy,TL-0231,14/09/2026,08:00,39.0
Haifa,Dairy,TL-0231,14/09/2026,08:15,39.2
Haifa,Dairy,TL-0231,14/09/2026,08:30,38.2
Haifa,Dairy,TL-0231,14/09/2026,08:45,38.4
Haifa,Dairy,TL-0231,14/09/2026,09:00,39.2
Haifa,Dairy,TL-0231,14/09/2026,09:15,38.8
Haifa,Dairy,TL-0231,14/09/2026,09:30,38.4
Haifa,Dairy,TL-0231,14/09/2026,09:45,38.2
Haifa,Dairy,TL-0231,14/09/2026,10:00,39.1
Haifa,Dairy,TL-0231,14/09/2026,10:15,37.9
Haifa,Dairy,TL-0231,14/09/2026,10:30,39.0
Haifa,Dairy,TL-0231,14/09/2026,10:45,38.0
Haifa,Dairy,TL-0231,14/09/2026,11:00,38.0
Haifa,Dairy,TL-0231,14/09/2026,11:15,39.2
Haifa,Dairy,TL-0231,14/09/2026,11:30,38.6
Haifa,Dairy,TL-0231,14/09/2026,11:45,38.7
Haifa,Dairy,TL-0231,14/09/2026,12:00,39.0
Haifa,Dairy,TL-0231,14/09/2026,12:15,39.0
Haifa,Dairy,TL-0231,14/09/2026,12:30,38.1
Haifa,Dairy,TL-0231,14/09/2026,12:45,38.3
Haifa,Dairy,TL-0231,14/09/2026,13:00,38.5
Haifa,Dairy,TL-0231,14/09/2026,13:15,38.5
Haifa,Dairy,TL-0231,14/09/2026,13:30,38.8
Haifa,Dairy,TL-0231,14/09/2026,13:45,38.2
Haifa,Dairy,TL-0231,14/09/2026,14:00,37.8
Haifa,Dairy,TL-0231,14/09/2026,14:15,38.0
Haifa,Dairy,TL-0231,14/09/2026,14:30,ERR
Haifa,Dairy,TL-0231,14/09/2026,14:45,38.7
Haifa,Dairy,TL-0231,14/09/2026,15:00,38.2
Haifa,Dairy,TL-0231,14/09/2026,15:15,38.7
Haifa,Dairy,TL-0231,14/09/2026,15:30,38.2
Haifa,Dairy,TL-0231,14/09/2026,15:45,39.0
Haifa,Dairy,TL-0231,14/09/2026,16:00,38.2
Haifa,Dairy,TL-0231,14/09/2026,16:15,38.7
Haifa,Dairy,TL-0231,14/09/2026,16:30,39.1
Haifa,Dairy,TL-0231,14/09/2026,16:45,38.9
Haifa,Dairy,TL-0231,14/09/2026,17:00,37.8
Haifa,Dairy,TL-0231,14/09/2026,17:15,38.4
Haifa,Dairy,TL-0231,14/09/2026,17:30,39.0
Haifa,Dairy,TL-0231,14/09/2026,17:45,38.6
Haifa,Dairy,TL-0231,14/09/2026,18:00,38.4
Haifa,Dairy,TL-0231,14/09/2026,18:15,38.2
Haifa,Dairy,TL-0231,14/09/2026,18:30,38.4
Haifa,Dairy,TL-0231,14/09/2026,18:45,39.2
Haifa,Dairy,TL-0231,14/09/2026,19:00,38.0
Haifa,Dairy,TL-0231,14/09/2026,19:15,39.0
Haifa,Dairy,TL-0231,14/09/2026,19:30,38.1
Haifa,Dairy,TL-0231,14/09/2026,19:45,38.9
Haifa,Dairy,TL-0231,14/09/2026,20:00,38.5
Haifa,Dairy,TL-0231,14/09/2026,20:15,39.1
Haifa,Dairy,TL-0231,14/09/2026,20:30,38.2
Haifa,Dairy,TL-0231,14/09/2026,20:45,38.6
Haifa,Dairy,TL-0231,14/09/2026,21:00,38.6
Haifa,Dairy,TL-0231,14/09/2026,21:15,38.7
Haifa,Dairy,TL-0231,14/09/2026,21:30,38.4
Haifa,Dairy,TL-0231,14/09/2026,21:45,39.0
Haifa,Dairy,TL-0231,14/09/2026,22:00,38.8
Haifa,Dairy,TL-0231,14/09/2026,22:15,ERR
Haifa,Dairy,TL-0231,14/09/2026,22:30,38.8
Haifa,Dairy,TL-0231,14/09/2026,22:45,38.8
Haifa,Dairy,TL-0231,14/09/2026,23:00,38.5
Haifa,Dairy,TL-0231,14/09/2026,23:15,38.7
Haifa,Dairy,TL-0231,14/09/2026,23:30,38.5
Haifa,Dairy,TL-0231,14/09/2026,23:45,39.0
Haifa,Dairy,TL-0231,15/09/2026,00:00,39.1
Haifa,Dairy,TL-0231,15/09/2026,00:15,38.9
Haifa,Dairy,TL-0231,15/09/2026,00:30,37.8
Haifa,Dairy,TL-0231,15/09/2026,00:45,38.7
Haifa,Dairy,TL-0231,15/09/2026,01:00,38.9
Haifa,Dairy,TL-0231,15/09/2026,01:15,37.9
Haifa,Dairy,TL-0231,15/09/2026,01:30,38.9
Haifa,Dairy,TL-0231,15/09/2026,01:45,38.3
Haifa,Dairy,TL-0231,15/09/2026,02:00,38.3
Haifa,Dairy,TL-0231,15/09/2026,02:15,39.1
Haifa,Dairy,TL-0231,15/09/2026,02:30,37.9
Haifa,Dairy,TL-0231,15/09/2026,02:45,39.0
Haifa,Dairy,TL-0231,15/09/2026,03:00,38.8
Haifa,Dairy,TL-0231,15/09/2026,03:15,38.6
Haifa,Dairy,TL-0231,15/09/2026,03:30,38.2
Haifa,Dairy,TL-0231,15/09/2026,03:45,38.2
Haifa,Dairy,TL-0231,15/09/2026,04:00,38.1
Haifa,Dairy,TL-0231,15/09/2026,04:15,38.6
Haifa,Dairy,TL-0231,15/09/2026,04:30,38.3
Haifa,Dairy,TL-0231,15/09/2026,04:45,38.9
Haifa,Dairy,TL-0231,15/09/2026,05:00,38.2
Haifa,Dairy,TL-0231,15/09/2026,05:15,38.3
Haifa,Dairy,TL-0231,15/09/2026,05:30,38.2
Haifa,Dairy,TL-0231,15/09/2026,05:45,38.4
Haifa,Dairy,TL-0231,15/09/2026,06:00,ERR
Haifa,Dairy,TL-0231,15/09/2026,06:15,39.0
Haifa,Dairy,TL-0231,15/09/2026,06:30,38.2
Haifa,Dairy,TL-0231,15/09/2026,06:45,37.9
Haifa,Dairy,TL-0231,15/09/2026,07:00,38.9
Haifa,Dairy,TL-0231,15/09/2026,07:15,38.4
Haifa,Dairy,TL-0231,15/09/2026,07:30,38.2
Haifa,Dairy,TL-0231,15/09/2026,07:45,39.0
Haifa,Dairy,TL-0231,15/09/2026,08:00,38.1
Haifa,Dairy,TL-0231,15/09/2026,08:15,38.8
Haifa,Dairy,TL-0231,15/09/2026,08:30,38.4
Haifa,Dairy,TL-0231,15/09/2026,08:45,37.9
Haifa,Dairy,TL-0231,15/09/2026,09:00,39.1
Haifa,Dairy,TL-0231,15/09/2026,09:15,39.1
Haifa,Dairy,TL-0231,15/09/2026,09:30,38.2
Haifa,Dairy,TL-0231,15/09/2026,09:45,38.1
Haifa,Dairy,TL-0231,15/09/2026,10:00,38.1
Haifa,Dairy,TL-0231,15/09/2026,10:15,38.6
Haifa,Dairy,TL-0231,15/09/2026,10:30,38.9
Haifa,Dairy,TL-0231,15/09/2026,10:45,39.0
Haifa,Dairy,TL-0231,15/09/2026,11:00,39.2
Haifa,Dairy,TL-0231,15/09/2026,11:15,38.4
Haifa,Dairy,TL-0231,15/09/2026,11:30,39.1
Haifa,Dairy,TL-0231,15/09/2026,11:45,38.9
Haifa,Dairy,TL-0231,15/09/2026,12:00,39.0
Haifa,Dairy,TL-0231,15/09/2026,12:15,38.0
Haifa,Dairy,TL-0231,15/09/2026,12:30,39.0
Haifa,Dairy,TL-0231,15/09/2026,12:45,38.9
Haifa,Dairy,TL-0231,15/09/2026,13:00,38.7
Haifa,Dairy,TL-0231,15/09/2026,13:15,37.9
Haifa,Dairy,TL-0231,15/09/2026,13:30,38.1
Haifa,Dairy,TL-0231,15/09/2026,13:45,ERR
Haifa,Dairy,TL-0231,15/09/2026,14:00,38.2
Haifa,Dairy,TL-0231,15/09/2026,14:15,39.2
Haifa,Dairy,TL-0231,15/09/2026,14:30,38.5
Haifa,Dairy,TL-0231,15/09/2026,14:45,38.0
Haifa,Dairy,TL-0231,15/09/2026,15:00,38.9
Haifa,Dairy,TL-0231,15/09/2026,15:15,38.6
Haifa,Dairy,TL-0231,15/09/2026,15:30,37.9
Haifa,Dairy,TL-0231,15/09/2026,15:45,38.7
Haifa,Dairy,TL-0231,15/09/2026,16:00,37.8
Haifa,Dairy,TL-0231,15/09/2026,16:15,38.6
Haifa,Dairy,TL-0231,15/09/2026,16:30,38.4
Haifa,Dairy,TL-0231,15/09/2026,16:45,38.6
Haifa,Dairy,TL-0231,15/09/2026,17:00,38.4
Haifa,Dairy,TL-0231,15/09/2026,17:15,39.1
Haifa,Dairy,TL-0231,15/09/2026,17:30,38.2
Haifa,Dairy,TL-0231,15/09/2026,17:45,39.0
Haifa,Dairy,TL-0231,15/09/2026,18:00,39.0
Haifa,Dairy,TL-0231,15/09/2026,18:15,38.1
Haifa,Dairy,TL-0231,15/09/2026,18:30,38.4
Haifa,Dairy,TL-0231,15/09/2026,18:45,38.3
Haifa,Dairy,TL-0231,15/09/2026,19:00,38.1
Haifa,Dairy,TL-0231,15/09/2026,19:15,38.4
Haifa,Dairy,TL-0231,15/09/2026,19:30,38.8
Haifa,Dairy,TL-0231,15/09/2026,19:45,38.0
Haifa,Dairy,TL-0231,15/09/2026,20:00,38.9
Haifa,Dairy,TL-0231,15/09/2026,20:15,38.4
Haifa,Dairy,TL-0231,15/09/2026,20:30,38.7
Haifa,Dairy,TL-0231,15/09/2026,20:45,39.2
Haifa,Dairy,TL-0231,15/09/2026,21:00,38.3
Haifa,Dairy,TL-0231,15/09/2026,21:15,38.9
Haifa,Dairy,TL-0231,15/09/2026,21:30,ERR
Haifa,Dairy,TL-0231,15/09/2026,21:45,39.0
Haifa,Dairy,TL-0231,15/09/2026,22:00,39.1
Haifa,Dairy,TL-0231,15/09/2026,22:15,38.3
Haifa,Dairy,TL-0231,15/09/2026,22:30,37.8
Haifa,Dairy,TL-0231,15/09/2026,22:45,38.4
Haifa,Dairy,TL-0231,15/09/2026,23:00,38.0
Haifa,Dairy,TL-0231,15/09/2026,23:15,38.2
Haifa,Dairy,TL-0231,15/09/2026,23:30,39.2
Haifa,Dairy,TL-0231,15/09/2026,23:45,38.6
Haifa,Dairy,TL-0231,16/09/2026,00:00,38.0
Haifa,Dairy,TL-0231,16/09/2026,00:15,38.8
Haifa,Dairy,TL-0231,16/09/2026,00:30,38.8
Haifa,Dairy,TL-0231,16/09/2026,00:45,38.6
Haifa,Dairy,TL-0231,16/09/2026,01:00,38.7
Haifa,Dairy,TL-0231,16/09/2026,01:15,39.0
Haifa,Dairy,TL-0231,16/09/2026,01:30,38.3
Haifa,Dairy,TL-0231,16/09/2026,01:45,38.1
Haifa,Dairy,TL-0231,16/09/2026,02:00,38.0
Haifa,Dairy,TL-0231,16/09/2026,02:15,39.2
Haifa,Dairy,TL-0231,16/09/2026,02:30,38.9
Haifa,Dairy,TL-0231,16/09/2026,02:45,38.7
Haifa,Dairy,TL-0231,16/09/2026,03:00,38.9
Haifa,Dairy,TL-0231,16/09/2026,03:15,38.0
Haifa,Dairy,TL-0231,16/09/2026,03:30,38.6
Haifa,Dairy,TL-0231,16/09/2026,03:45,38.6
Haifa,Dairy,TL-0231,16/09/2026,04:00,38.3
Haifa,Dairy,TL-0231,16/09/2026,04:15,38.6
Haifa,Dairy,TL-0231,16/09/2026,04:30,38.8
Haifa,Dairy,TL-0231,16/09/2026,04:45,39.2
Haifa,Dairy,TL-0231,16/09/2026,05:00,38.0
Haifa,Dairy,TL-0231,16/09/2026,05:15,ERR
Haifa,Dairy,TL-0231,16/09/2026,05:30,38.4
Haifa,Dairy,TL-0231,16/09/2026,05:45,38.5
Haifa,Dairy,TL-0231,16/09/2026,06:00,38.1
Haifa,Dairy,TL-0231,16/09/2026,06:15,38.0
Haifa,Dairy,TL-0231,16/09/2026,06:30,38.8
Haifa,Dairy,TL-0231,16/09/2026,06:45,37.9
Haifa,Dairy,TL-0231,16/09/2026,07:00,37.8
Haifa,Dairy,TL-0231,16/09/2026,07:15,38.6
Haifa,Dairy,TL-0231,16/09/2026,07:30,39.1
Haifa,Dairy,TL-0231,16/09/2026,07:45,38.9
Haifa,Dairy,TL-0231,16/09/2026,08:00,38.9
Haifa,Dairy,TL-0231,16/09/2026,08:15,38.7
Haifa,Dairy,TL-0231,16/09/2026,08:30,37.9
Haifa,Dairy,TL-0231,16/09/2026,08:45,39.0
Haifa,Dairy,TL-0231,16/09/2026,09:00,37.9
Haifa,Dairy,TL-0231,16/09/2026,09:15,38.0
Haifa,Dairy,TL-0231,16/09/2026,09:30,38.5
Haifa,Dairy,TL-0231,16/09/2026,09:45,38.2
Haifa,Dairy,TL-0231,16/09/2026,10:00,38.6
Haifa,Dairy,TL-0231,16/09/2026,10:15,38.1
Haifa,Dairy,TL-0231,16/09/2026,10:30,39.2
Haifa,Dairy,TL-0231,16/09/2026,10:45,38.6
Haifa,Dairy,TL-0231,16/09/2026,11:00,39.2
Haifa,Dairy,TL-0231,16/09/2026,11:15,38.7
Haifa,Dairy,TL-0231,16/09/2026,11:30,38.1
Haifa,Dairy,TL-0231,16/09/2026,11:45,39.1
Haifa,Dairy,TL-0231,16/09/2026,12:00,38.2
Haifa,Dairy,TL-0231,16/09/2026,12:15,38.3
Haifa,Dairy,TL-0231,16/09/2026,12:30,38.0
Haifa,Dairy,TL-0231,16/09/2026,12:45,38.3
Haifa,Dairy,TL-0231,16/09/2026,13:00,ERR
Haifa,Dairy,TL-0231,16/09/2026,13:15,38.4
Haifa,Dairy,TL-0231,16/09/2026,13:30,38.5
Haifa,Dairy,TL-0231,16/09/2026,13:45,38.9
Haifa,Dairy,TL-0231,16/09/2026,14:00,37.9
Haifa,Dairy,TL-0231,16/09/2026,14:15,38.0
Haifa,Dairy,TL-0231,16/09/2026,14:30,38.5
Haifa,Dairy,TL-0231,16/09/2026,14:45,38.0
Haifa,Dairy,TL-0231,16/09/2026,15:00,38.3
Haifa,Dairy,TL-0231,16/09/2026,15:15,39.1
Haifa,Dairy,TL-0231,16/09/2026,15:30,38.3
Haifa,Dairy,TL-0231,16/09/2026,15:45,38.1
Haifa,Dairy,TL-0231,16/09/2026,16:00,38.1
Haifa,Dairy,TL-0231,16/09/2026,16:15,39.0
Haifa,Dairy,TL-0231,16/09/2026,16:30,39.0
Haifa,Dairy,TL-0231,16/09/2026,16:45,38.7
Haifa,Dairy,TL-0231,16/09/2026,17:00,38.4
Haifa,Dairy,TL-0231,16/09/2026,17:15,38.8
Haifa,Dairy,TL-0231,16/09/2026,17:30,38.0
Haifa,Dairy,TL-0231,16/09/2026,17:45,38.1
Haifa,Dairy,TL-0231,16/09/2026,18:00,38.6
Haifa,Dairy,TL-0231,16/09/2026,18:15,38.8
Haifa,Dairy,TL-0231,16/09/2026,18:30,38.3
Haifa,Dairy,TL-0231,16/09/2026,18:45,38.5
Haifa,Dairy,TL-0231,16/09/2026,19:00,38.2
Haifa,Dairy,TL-0231,16/09/2026,19:15,38.4
Haifa,Dairy,TL-0231,16/09/2026,19:30,39.0
Haifa,Dairy,TL-0231,16/09/2026,19:45,38.7
Haifa,Dairy,TL-0231,16/09/2026,20:00,38.4
Haifa,Dairy,TL-0231,16/09/2026,20:15,37.8
Haifa,Dairy,TL-0231,16/09/2026,20:30,37.8
Haifa,Dairy,TL-0231,16/09/2026,20:45,ERR
Haifa,Dairy,TL-0231,16/09/2026,21:00,39.2
Haifa,Dairy,TL-0231,16/09/2026,21:15,38.3
Haifa,Dairy,TL-0231,16/09/2026,21:30,38.7
Haifa,Dairy,TL-0231,16/09/2026,21:45,39.0
Haifa,Dairy,TL-0231,16/09/2026,22:00,38.5
Haifa,Dairy,TL-0231,16/09/2026,22:15,38.6
Haifa,Dairy,TL-0231,16/09/2026,22:30,38.1
Haifa,Dairy,TL-0231,16/09/2026,22:45,38.1
Haifa,Dairy,TL-0231,16/09/2026,23:00,38.8
Haifa,Dairy,TL-0231,16/09/2026,23:15,38.4
Haifa,Dairy,TL-0231,16/09/2026,23:30,39.0
Haifa,Dairy,TL-0231,16/09/2026,23:45,38.3
Haifa,Dairy,TL-0231,17/09/2026,00:00,38.1
Haifa,Dairy,TL-0231,17/09/2026,00:15,37.8
Haifa,Dairy,TL-0231,17/09/2026,00:30,38.6
Haifa,Dairy,TL-0231,17/09/2026,00:45,38.8
Haifa,Dairy,TL-0231,17/09/2026,01:00,38.1
Haifa,Dairy,TL-0231,17/09/2026,01:15,38.7
Haifa,Dairy,TL-0231,17/09/2026,01:30,39.1
Haifa,Dairy,TL-0231,17/09/2026,01:45,37.8
Haifa,Dairy,TL-0231,17/09/2026,02:00,38.2
Haifa,Dairy,TL-0231,17/09/2026,02:15,38.6
Haifa,Dairy,TL-0231,17/09/2026,02:30,38.1
Haifa,Dairy,TL-0231,17/09/2026,02:45,38.8
Haifa,Dairy,TL-0231,17/09/2026,03:00,38.9
Haifa,Dairy,TL-0231,17/09/2026,03:15,38.4
Haifa,Dairy,TL-0231,17/09/2026,03:30,38.2
Haifa,Dairy,TL-0231,17/09/2026,03:45,38.5
Haifa,Dairy,TL-0231,17/09/2026,04:00,38.3
Haifa,Dairy,TL-0231,17/09/2026,04:15,37.8
Haifa,Dairy,TL-0231,17/09/2026,04:30,ERR
Haifa,Dairy,TL-0231,17/09/2026,04:45,39.2
Haifa,Dairy,TL-0231,17/09/2026,05:00,37.9
Haifa,Dairy,TL-0231,17/09/2026,05:15,38.2
Haifa,Dairy,TL-0231,17/09/2026,05:30,39.0
Haifa,Dairy,TL-0231,17/09/2026,05:45,37.8
Haifa,Dairy,TL-0231,17/09/2026,06:00,38.2
Haifa,Dairy,TL-0231,17/09/2026,06:15,38.7
Haifa,Dairy,TL-0231,17/09/2026,06:30,38.3
Haifa,Dairy,TL-0231,17/09/2026,06:45,39.2
Haifa,Dairy,TL-0231,17/09/2026,07:00,39.1
Haifa,Dairy,TL-0231,17/09/2026,07:15,38.2
Haifa,Dairy,TL-0231,17/09/2026,07:30,38.0
Haifa,Dairy,TL-0231,17/09/2026,07:45,37.8
Haifa,Dairy,TL-0231,17/09/2026,08:00,37.8
Haifa,Dairy,TL-0231,17/09/2026,08:15,38.1
Haifa,Dairy,TL-0231,17/09/2026,08:30,38.8
Haifa,Dairy,TL-0231,17/09/2026,08:45,38.4
Haifa,Dairy,TL-0231,17/09/2026,09:00,37.9
Haifa,Dairy,TL-0231,17/09/2026,09:15,39.1
Haifa,Dairy,TL-0231,17/09/2026,09:30,38.2
Haifa,Dairy,TL-0231,17/09/2026,09:45,38.9
Haifa,Dairy,TL-0231,17/09/2026,10:00,37.9
Haifa,Dairy,TL-0231,17/09/2026,10:15,38.1
Haifa,Dairy,TL-0231,17/09/2026,10:30,37.9
Haifa,Dairy,TL-0231,17/09/2026,10:45,38.2
Haifa,Dairy,TL-0231,17/09/2026,11:00,38.0
Haifa,Dairy,TL-0231,17/09/2026,11:15,38.4
Haifa,Dairy,TL-0231,17/09/2026,11:30,38.0
Haifa,Dairy,TL-0231,17/09/2026,11:45,38.7
Haifa,Dairy,TL-0231,17/09/2026,12:00,38.0
Haifa,Dairy,TL-0231,17/09/2026,12:15,ERR
Haifa,Dairy,TL-0231,17/09/2026,12:30,38.1
Haifa,Dairy,TL-0231,17/09/2026,12:45,38.1
Haifa,Dairy,TL-0231,17/09/2026,13:00,38.4
Haifa,Dairy,TL-0231,17/09/2026,13:15,39.2
Haifa,Dairy,TL-0231,17/09/2026,13:30,39.0
Haifa,Dairy,TL-0231,17/09/2026,13:45,37.9
Haifa,Dairy,TL-0231,17/09/2026,14:00,38.0
Haifa,Dairy,TL-0231,17/09/2026,14:15,39.1
Haifa,Dairy,TL-0231,17/09/2026,14:30,39.0
Haifa,Dairy,TL-0231,17/09/2026,14:45,39.1
Haifa,Dairy,TL-0231,17/09/2026,15:00,39.1
Haifa,Dairy,TL-0231,17/09/2026,15:15,38.8
Haifa,Dairy,TL-0231,17/09/2026,15:30,38.5
Haifa,Dairy,TL-0231,17/09/2026,15:45,38.2
Haifa,Dairy,TL-0231,17/09/2026,16:00,39.0
Haifa,Dairy,TL-0231,17/09/2026,16:15,38.5
Haifa,Dairy,TL-0231,17/09/2026,16:30,38.8
Haifa,Dairy,TL-0231,17/09/2026,16:45,38.3
Haifa,Dairy,TL-0231,17/09/2026,17:00,38.8
Haifa,Dairy,TL-0231,17/09/2026,17:15,38.1
Haifa,Dairy,TL-0231,17/09/2026,17:30,38.7
Haifa,Dairy,TL-0231,17/09/2026,17:45,38.7
Haifa,Dairy,TL-0231,17/09/2026,18:00,38.6
Haifa,Dairy,TL-0231,17/09/2026,18:15,38.7
Haifa,Dairy,TL-0231,17/09/2026,18:30,37.8
Haifa,Dairy,TL-0231,17/09/2026,18:45,38.6
Haifa,Dairy,TL-0231,17/09/2026,19:00,38.9
Haifa,Dairy,TL-0231,17/09/2026,19:15,38.0
Haifa,Dairy,TL-0231,17/09/2026,19:30,39.0
Haifa,Dairy,TL-0231,17/09/2026,19:45,38.4
Haifa,Dairy,TL-0231,17/09/2026,20:00,ERR
Haifa,Dairy,TL-0231,17/09/2026,20:15,38.1
Haifa,Dairy,TL-0231,17/09/2026,20:30,39.0
Haifa,Dairy,TL-0231,17/09/2026,20:45,38.5
Haifa,Dairy,TL-0231,17/09/2026,21:00,38.0
Haifa,Dairy,TL-0231,17/09/2026,21:15,37.9
Haifa,Dairy,TL-0231,17/09/2026,21:30,38.8
Haifa,Dairy,TL-0231,17/09/2026,21:45,38.9
Haifa,Dairy,TL-0231,17/09/2026,22:00,38.0
Haifa,Dairy,TL-0231,17/09/2026,22:15,38.6
Haifa,Dairy,TL-0231,17/09/2026,22:30,37.8
Haifa,Dairy,TL-0231,17/09/2026,22:45,38.7
Haifa,Dairy,TL-0231,17/09/2026,23:00,38.1
Haifa,Dairy,TL-0231,17/09/2026,23:15,38.9
Haifa,Dairy,TL-0231,17/09/2026,23:30,38.2
Haifa,Dairy,TL-0231,17/09/2026,23:45,38.4
Haifa,Dairy,TL-0231,18/09/2026,00:00,38.4
Haifa,Dairy,TL-0231,18/09/2026,00:15,38.8
Haifa,Dairy,TL-0231,18/09/2026,00:30,38.3
Haifa,Dairy,TL-0231,18/09/2026,00:45,38.3
Haifa,Dairy,TL-0231,18/09/2026,01:00,38.4
Haifa,Dairy,TL-0231,18/09/2026,01:15,39.0
Haifa,Dairy,TL-0231,18/09/2026,01:30,37.9
Haifa,Dairy,TL-0231,18/09/2026,01:45,38.7
Haifa,Dairy,TL-0231,18/09/2026,02:00,37.8
Haifa,Dairy,TL-0231,18/09/2026,02:15,38.4
Haifa,Dairy,TL-0231,18/09/2026,02:30,38.9
Haifa,Dairy,TL-0231,18/09/2026,02:45,38.3
Haifa,Dairy,TL-0231,18/09/2026,03:00,38.4
Haifa,Dairy,TL-0231,18/09/2026,03:15,38.4
Haifa,Dairy,TL-0231,18/09/2026,03:30,39.1
Haifa,Dairy,TL-0231,18/09/2026,03:45,ERR
Haifa,Dairy,TL-0231,18/09/2026,04:00,38.6
Haifa,Dairy,TL-0231,18/09/2026,04:15,37.9
Haifa,Dairy,TL-0231,18/09/2026,04:30,38.9
Haifa,Dairy,TL-0231,18/09/2026,04:45,38.5
Haifa,Dairy,TL-0231,18/09/2026,05:00,38.6
Haifa,Dairy,TL-0231,18/09/2026,05:15,38.5
Haifa,Dairy,TL-0231,18/09/2026,05:30,39.1
Haifa,Dairy,TL-0231,18/09/2026,05:45,37.9
Haifa,Dairy,TL-0231,18/09/2026,06:00,38.9
Haifa,Dairy,TL-0231,18/09/2026,06:15,39.0
Haifa,Dairy,TL-0231,18/09/2026,06:30,38.3
Haifa,Dairy,TL-0231,18/09/2026,06:45,38.2
Haifa,Dairy,TL-0231,18/09/2026,07:00,37.8
Haifa,Dairy,TL-0231,18/09/2026,07:15,38.6
Haifa,Dairy,TL-0231,18/09/2026,07:30,39.1
Haifa,Dairy,TL-0231,18/09/2026,07:45,38.3
Haifa,Dairy,TL-0231,18/09/2026,08:00,38.9
Haifa,Dairy,TL-0231,18/09/2026,08:15,38.9
Haifa,Dairy,TL-0231,18/09/2026,08:30,39.1
Haifa,Dairy,TL-0231,18/09/2026,08:45,38.9
Haifa,Dairy,TL-0231,18/09/2026,09:00,38.0
Haifa,Dairy,TL-0231,18/09/2026,09:15,39.0
Haifa,Dairy,TL-0231,18/09/2026,09:30,39.0
Haifa,Dairy,TL-0231,18/09/2026,09:45,38.9
Haifa,Dairy,TL-0231,18/09/2026,10:00,37.8
Haifa,Dairy,TL-0231,18/09/2026,10:15,39.1
Haifa,Dairy,TL-0231,18/09/2026,10:30,37.9
Haifa,Dairy,TL-0231,18/09/2026,10:45,39.0
Haifa,Dairy,TL-0231,18/09/2026,11:00,39.0
Haifa,Dairy,TL-0231,18/09/2026,11:15,38.9
Haifa,Dairy,TL-0231,18/09/2026,11:30,ERR
Haifa,Dairy,TL-0231,18/09/2026,11:45,38.3
Haifa,Dairy,TL-0231,18/09/2026,12:00,39.2
Haifa,Dairy,TL-0231,18/09/2026,12:15,37.8
Haifa,Dairy,TL-0231,18/09/2026,12:30,38.2
Haifa,Dairy,TL-0231,18/09/2026,12:45,38.3
Haifa,Dairy,TL-0231,18/09/2026,13:00,39.0
Haifa,Dairy,TL-0231,18/09/2026,13:15,38.7
Haifa,Dairy,TL-0231,18/09/2026,13:30,38.1
Haifa,Dairy,TL-0231,18/09/2026,13:45,39.0
Haifa,Dairy,TL-0231,18/09/2026,14:00,37.9
Haifa,Dairy,TL-0231,18/09/2026,14:15,38.4
Haifa,Dairy,TL-0231,18/09/2026,14:30,38.8
Haifa,Dairy,TL-0231,18/09/2026,14:45,38.7
Haifa,Dairy,TL-0231,18/09/2026,15:00,39.1
Haifa,Dairy,TL-0231,18/09/2026,15:15,38.3
Haifa,Dairy,TL-0231,18/09/2026,15:30,38.2
Haifa,Dairy,TL-0231,18/09/2026,15:45,37.9
Haifa,Dairy,TL-0231,18/09/2026,16:00,38.5
Haifa,Dairy,TL-0231,18/09/2026,16:15,38.9
Haifa,Dairy,TL-0231,18/09/2026,16:30,37.8
Haifa,Dairy,TL-0231,18/09/2026,16:45,39.0
Haifa,Dairy,TL-0231,18/09/2026,17:00,38.5
Haifa,Dairy,TL-0231,18/09/2026,17:15,39.1
Haifa,Dairy,TL-0231,18/09/2026,17:30,39.0
Haifa,Dairy,TL-0231,18/09/2026,17:45,39.0
Haifa,Dairy,TL-0231,18/09/2026,18:00,39.0
