Recorded At,Temperature,Fridge,Site,Device ID
2026-09-14 06:00,4.1,Walk-in,tel aviv,TL-0417
2026-09-14 06:15,9.4,Walk-in,Tel Aviv,TL-0417
2026-09-14 06:30,4.3,Walk-in,Tel Aviv,TL-0417
2026-09-14 05:45,4.0,Walk-in,Tel Aviv,TL-0417
2026-09-14 06:45,4.4,Walk-in,Tel Aviv,TL-0417
2026-09-14 07:00,4.0,Walk-in,Tel Aviv,TL-0417
2026-09-14 07:15,4.4,Walk-in,Tel Aviv,TL-0417
2026-09-14 07:30,4.5,Walk-in,Tel Aviv,TL-0417
2026-09-14 07:45,4.5,Walk-in,Tel Aviv,TL-0417
2026-09-14 08:00,3.9,Walk-in,Tel Aviv,TL-0417
2026-09-14 08:15,4.5,Walk-in,Tel Aviv,TL-0417
2026-09-14 08:30,4.1,Walk-in,Tel Aviv,TL-0417
2026-09-14 08:45,3.9,Walk-in,Tel Aviv,TL-0417
2026-09-14 09:00,4.2,Walk-in,Tel Aviv,TL-0417
2026-09-14 09:15,3.9,Walk-in,Tel Aviv,TL-0417
2026-09-14 09:30,4.1,Walk-in,Tel Aviv,TL-0417
2026-09-14 09:45,4.3,Walk-in,Tel Aviv,TL-0417
2026-09-14 10:00,4.4,Walk-in,Tel Aviv,TL-0417
2026-09-14 10:15,3.9,Walk-in,Tel Aviv,TL-0417
2026-09-14 10:30,4.5,Walk-in,Tel Aviv,TL-0417
2026-09-14 10:45,4.3,Walk-in,Tel Aviv,TL-0417
2026-09-14 11:00,4.2,Walk-in,Tel Aviv,TL-0417
2026-09-14 11:15,4.0,Walk-in,Tel Aviv,TL-0417
2026-09-14 11:30,4.0,Walk-in,Tel Aviv,TL-0417
2026-09-14 11:45,4.3,Walk-in,Tel Aviv,TL-0417
2026-09-14 12:00,4.1,Walk-in,Tel Aviv,TL-0417
2026-09-14 12:15,4.0,Walk-in,Tel Aviv,TL-0417
2026-09-14 12:30,4.3,Walk-in,Tel Aviv,TL-0417
2026-09-14 12:45,4.3,Walk-in,Tel Aviv,TL-0417
2026-09-14 13:00,4.0,Walk-in,Tel Aviv,TL-0417
2026-09-14 13:15,4.3,Walk-in,Tel Aviv,TL-0417
2026-09-14 13:30,4.2,Walk-in,Tel Aviv,TL-0417
2026-09-14 13:45,4.3,Walk-in,Tel Aviv,TL-0417
2026-09-14 14:00,4.2,Walk-in,Tel Aviv,TL-0417
2026-09-14 14:15,3.9,Walk-in,Tel Aviv,TL-0417
2026-09-14 14:30,4.4,Walk-in,Tel Aviv,TL-0417
2026-09-14 14:45,3.9,Walk-in,Tel Aviv,TL-0417
2026-09-14 15:00,4.2,Walk-in,Tel Aviv,TL-0417
2026-09-14 15:15,4.5,Walk-in,Tel Aviv,TL-0417
2026-09-14 15:30,4.3,Walk-in,Tel Aviv,TL-0417
2026-09-14 15:45,4.4,Walk-in,Tel Aviv,TL-0417
2026-09-14 16:00,4.3,Walk-in,Tel Aviv,TL-0417
2026-09-14 16:15,4.5,Walk-in,Tel Aviv,TL-0417
2026-09-14 16:30,4.4,Walk-in,Tel Aviv,TL-0417
2026-09-14 16:45,4.3,Walk-in,Tel Aviv,TL-0417
2026-09-14 17:00,4.2,Walk-in,Tel Aviv,TL-0417
2026-09-14 17:15,3.9,Walk-in,Tel Aviv,TL-0417
2026-09-14 17:30,4.5,Walk-in,Tel Aviv,TL-0417
2026-09-14 17:45,4.3,Walk-in,Tel Aviv,TL-0417
2026-09-14 18:00,3.9,Walk-in,Tel Aviv,TL-0417
2026-09-14 18:15,4.3,Walk-in,Tel Aviv,TL-0417
2026-09-14 18:30,9.3,Walk-in,Tel Aviv,TL-0417
2026-09-14 18:45,4.5,Walk-in,Tel Aviv,TL-0417
2026-09-14 19:00,4.2,Walk-in,Tel Aviv,TL-0417
2026-09-14 19:15,4.2,Walk-in,Tel Aviv,TL-0417
2026-09-14 19:30,4.4,Walk-in,Tel Aviv,TL-0417
2026-09-14 19:45,4.4,Walk-in,Tel Aviv,TL-0417
2026-09-14 20:00,3.9,Walk-in,Tel Aviv,TL-0417
2026-09-14 20:15,4.0,Walk-in,Tel Aviv,TL-0417
2026-09-14 20:30,4.2,Walk-in,Tel Aviv,TL-0417
2026-09-14 20:45,3.9,Walk-in,Tel Aviv,TL-0417
2026-09-14 21:00,4.1,Walk-in,Tel Aviv,TL-0417
2026-09-14 21:15,4.2,Walk-in,Tel Aviv,TL-0417
2026-09-14 21:30,3.9,Walk-in,Tel Aviv,TL-0417
2026-09-14 21:45,4.1,Walk-in,Tel Aviv,TL-0417
2026-09-14 22:00,4.1,Walk-in,Tel Aviv,TL-0417
2026-09-14 22:15,3.9,Walk-in,Tel Aviv,TL-0417
2026-09-14 22:30,4.5,Walk-in,Tel Aviv,TL-0417
2026-09-14 22:45,4.0,Walk-in,Tel Aviv,TL-0417
2026-09-14 23:00,4.3,Walk-in,Tel Aviv,TL-0417
2026-09-14 23:15,4.0,Walk-in,Tel Aviv,TL-0417
2026-09-14 23:30,4.2,Walk-in,Tel Aviv,TL-0417
2026-09-14 23:45,4.1,Walk-in,Tel Aviv,TL-0417
2026-09-15 00:00,4.3,Walk-in,Tel Aviv,TL-0417
2026-09-15 00:15,4.5,Walk-in,Tel Aviv,TL-0417
2026-09-15 00:30,4.1,Walk-in,Tel Aviv,TL-0417
2026-09-15 00:45,4.4,Walk-in,Tel Aviv,TL-0417
2026-09-15 01:00,4.1,Walk-in,Tel Aviv,TL-0417
2026-09-15 01:15,4.3,Walk-in,Tel Aviv,TL-0417
2026-09-15 01:30,4.3,Walk-in,Tel Aviv,TL-0417
2026-09-15 01:45,3.9,Walk-in,Tel Aviv,TL-0417
2026-09-15 02:00,4.3,Walk-in,Tel Aviv,TL-0417
2026-09-15 02:15,4.1,Walk-in,Tel Aviv,TL-0417
2026-09-15 02:30,4.1,Walk-in,Tel Aviv,TL-0417
2026-09-15 02:45,4.5,Walk-in,Tel Aviv,TL-0417
2026-09-15 03:00,4.0,Walk-in,Tel Aviv,TL-0417
2026-09-15 03:15,4.4,Walk-in,Tel Aviv,TL-0417
2026-09-15 03:30,4.5,Walk-in,Tel Aviv,TL-0417
2026-09-15 03:45,3.9,Walk-in,Tel Aviv,TL-0417
2026-09-15 04:00,4.1,Walk-in,Tel Aviv,TL-0417
2026-09-15 04:15,4.0,Walk-in,Tel Aviv,TL-0417
2026-09-15 04:30,4.4,Walk-in,Tel Aviv,TL-0417
2026-09-15 04:45,4.5,Walk-in,Tel Aviv,TL-0417
2026-09-15 05:00,4.0,Walk-in,Tel Aviv,TL-0417
2026-09-15 05:15,4.5,Walk-in,Tel Aviv,TL-0417
2026-09-15 05:30,4.2,Walk-in,Tel Aviv,TL-0417
2026-09-15 05:45,4.0,Walk-in,Tel Aviv,TL-0417
2026-09-15 06:00,4.4,Walk-in,Tel Aviv,TL-0417
2026-09-15 06:15,9.8,Walk-in,Tel Aviv,TL-0417
2026-09-15 06:30,4.0,Walk-in,Tel Aviv,TL-0417
2026-09-15 06:45,4.2,Walk-in,Tel Aviv,TL-0417
2026-09-15 07:00,4.0,Walk-in,Tel Aviv,TL-0417
2026-09-15 07:15,3.9,Walk-in,Tel Aviv,TL-0417
2026-09-15 07:30,4.4,Walk-in,Tel Aviv,TL-0417
2026-09-15 07:45,4.5,Walk-in,Tel Aviv,TL-0417
2026-09-15 08:00,4.3,Walk-in,Tel Aviv,TL-0417
2026-09-15 08:15,4.4,Walk-in,Tel Aviv,TL-0417
2026-09-15 08:30,4.5,Walk-in,Tel Aviv,TL-0417
2026-09-15 08:45,4.1,Walk-in,Tel Aviv,TL-0417
2026-09-15 09:00,4.3,Walk-in,Tel Aviv,TL-0417
2026-09-15 09:15,4.1,Walk-in,Tel Aviv,TL-0417
2026-09-15 09:30,4.2,Walk-in,Tel Aviv,TL-0417
2026-09-15 09:45,4.3,Walk-in,Tel Aviv,TL-0417
2026-09-15 10:00,4.2,Walk-in,Tel Aviv,TL-0417
2026-09-15 10:15,4.3,Walk-in,Tel Aviv,TL-0417
2026-09-15 10:30,4.1,Walk-in,Tel Aviv,TL-0417
2026-09-15 10:45,4.5,Walk-in,Tel Aviv,TL-0417
2026-09-15 11:00,4.4,Walk-in,Tel Aviv,TL-0417
2026-09-15 11:15,4.1,Walk-in,Tel Aviv,TL-0417
2026-09-15 11:30,4.1,Walk-in,Tel Aviv,TL-0417
2026-09-15 11:45,3.9,Walk-in,Tel Aviv,TL-0417
2026-09-15 12:00,4.0,Walk-in,Tel Aviv,TL-0417
2026-09-15 12:15,4.5,Walk-in,Tel Aviv,TL-0417
2026-09-15 12:30,4.2,Walk-in,Tel Aviv,TL-0417
2026-09-15 12:45,4.4,Walk-in,Tel Aviv,TL-0417
2026-09-15 13:00,4.4,Walk-in,Tel Aviv,TL-0417
2026-09-15 13:15,3.9,Walk-in,Tel Aviv,TL-0417
2026-09-15 13:30,4.3,Walk-in,Tel Aviv,TL-0417
2026-09-15 13:45,4.0,Walk-in,Tel Aviv,TL-0417
2026-09-15 14:00,3.9,Walk-in,Tel Aviv,TL-0417
2026-09-15 14:15,4.4,Walk-in,Tel Aviv,TL-0417
2026-09-15 14:30,4.5,Walk-in,Tel Aviv,TL-0417
2026-09-15 14:45,4.2,Walk-in,Tel Aviv,TL-0417
2026-09-15 15:00,4.1,Walk-in,Tel Aviv,TL-0417
2026-09-15 15:15,4.0,Walk-in,Tel Aviv,TL-0417
2026-09-15 15:30,4.1,Walk-in,Tel Aviv,TL-0417
2026-09-15 15:45,3.9,Walk-in,Tel Aviv,TL-0417
2026-09-15 16:00,4.4,Walk-in,Tel Aviv,TL-0417
2026-09-15 16:15,4.5,Walk-in,Tel Aviv,TL-0417
2026-09-15 16:30,3.9,Walk-in,Tel Aviv,TL-0417
2026-09-15 16:45,4.3,Walk-in,Tel Aviv,TL-0417
2026-09-15 17:00,3.9,Walk-in,Tel Aviv,TL-0417
2026-09-15 17:15,4.3,Walk-in,Tel Aviv,TL-0417
2026-09-15 17:30,4.5,Walk-in,Tel Aviv,TL-0417
2026-09-15 17:45,4.1,Walk-in,Tel Aviv,TL-0417
2026-09-15 18:00,10.0,Walk-in,Tel Aviv,TL-0417
2026-09-15 18:15,4.2,Walk-in,Tel Aviv,TL-0417
2026-09-15 18:30,3.9,Walk-in,Tel Aviv,TL-0417
2026-09-15 18:45,4.5,Walk-in,Tel Aviv,TL-0417
2026-09-15 19:00,3.9,Walk-in,Tel Aviv,TL-0417
2026-09-15 19:15,3.9,Walk-in,Tel Aviv,TL-0417
2026-09-15 19:30,4.0,Walk-in,Tel Aviv,TL-0417
2026-09-15 19:45,4.1,Walk-in,Tel Aviv,TL-0417
2026-09-15 20:00,4.4,Walk-in,Tel Aviv,TL-0417
2026-09-15 20:15,4.4,Walk-in,Tel Aviv,TL-0417
2026-09-15 20:30,4.1,Walk-in,Tel Aviv,TL-0417
2026-09-15 20:45,4.0,Walk-in,Tel Aviv,TL-0417
2026-09-15 21:00,4.1,Walk-in,Tel Aviv,TL-0417
2026-09-15 21:15,4.4,Walk-in,Tel Aviv,TL-0417
2026-09-15 21:30,4.3,Walk-in,Tel Aviv,TL-0417
2026-09-15 21:45,3.9,Walk-in,Tel Aviv,TL-0417
2026-09-15 22:00,4.3,Walk-in,Tel Aviv,TL-0417
2026-09-15 22:15,3.9,Walk-in,Tel Aviv,TL-0417
2026-09-15 22:30,4.3,Walk-in,Tel Aviv,TL-0417
2026-09-15 22:45,4.5,Walk-in,Tel Aviv,TL-0417
2026-09-15 23:00,3.9,Walk-in,Tel Aviv,TL-0417
2026-09-15 23:15,4.5,Walk-in,Tel Aviv,TL-0417
2026-09-15 23:30,4.5,Walk-in,Tel Aviv,TL-0417
2026-09-15 23:45,4.5,Walk-in,Tel Aviv,TL-0417
2026-09-16 00:00,4.5,Walk-in,Tel Aviv,TL-0417
2026-09-16 00:15,4.0,Walk-in,Tel Aviv,TL-0417
2026-09-16 00:30,4.3,Walk-in,Tel Aviv,TL-0417
2026-09-16 00:45,4.5,Walk-in,Tel Aviv,TL-0417
2026-09-16 01:00,4.2,Walk-in,Tel Aviv,TL-0417
2026-09-16 01:15,4.3,Walk-in,Tel Aviv,TL-0417
2026-09-16 01:30,4.5,Walk-in,Tel Aviv,TL-0417
2026-09-16 01:45,4.1,Walk-in,Tel Aviv,TL-0417
2026-09-16 02:00,4.1,Walk-in,Tel Aviv,TL-0417
2026-09-16 02:15,4.5,Walk-in,Tel Aviv,TL-0417
2026-09-16 02:30,4.5,Walk-in,Tel Aviv,TL-0417
2026-09-16 02:45,3.9,Walk-in,Tel Aviv,TL-0417
2026-09-16 03:00,4.5,Walk-in,Tel Aviv,TL-0417
2026-09-16 03:15,4.1,Walk-in,Tel Aviv,TL-0417
2026-09-16 03:30,4.3,Walk-in,Tel Aviv,TL-0417
2026-09-16 03:45,4.2,Walk-in,Tel Aviv,TL-0417
2026-09-16 04:00,4.3,Walk-in,Tel Aviv,TL-0417
2026-09-16 04:15,4.0,Walk-in,Tel Aviv,TL-0417
2026-09-16 04:30,4.3,Walk-in,Tel Aviv,TL-0417
2026-09-16 04:45,4.3,Walk-in,Tel Aviv,TL-0417
2026-09-16 05:00,4.5,Walk-in,Tel Aviv,TL-0417
2026-09-16 05:15,4.3,Walk-in,Tel Aviv,TL-0417
2026-09-16 05:30,4.3,Walk-in,Tel Aviv,TL-0417
2026-09-16 05:45,10.0,Walk-in,Tel Aviv,TL-0417
2026-09-16 06:00,3.9,Walk-in,Tel Aviv,TL-0417
2026-09-16 06:15,4.5,Walk-in,Tel Aviv,TL-0417
2026-09-16 06:30,4.2,Walk-in,Tel Aviv,TL-0417
2026-09-16 06:45,4.3,Walk-in,Tel Aviv,TL-0417
2026-09-16 07:00,4.2,Walk-in,Tel Aviv,TL-0417
2026-09-16 07:15,4.3,Walk-in,Tel Aviv,TL-0417
2026-09-16 07:30,4.3,Walk-in,Tel Aviv,TL-0417
2026-09-16 07:45,3.9,Walk-in,Tel Aviv,TL-0417
2026-09-16 08:00,4.4,Walk-in,Tel Aviv,TL-0417
2026-09-16 08:15,4.2,Walk-in,Tel Aviv,TL-0417
2026-09-16 08:30,4.0,Walk-in,Tel Aviv,TL-0417
2026-09-16 08:45,4.2,Walk-in,Tel Aviv,TL-0417
2026-09-16 09:00,4.1,Walk-in,Tel Aviv,TL-0417
2026-09-16 09:15,3.9,Walk-in,Tel Aviv,TL-0417
2026-09-16 09:30,4.0,Walk-in,Tel Aviv,TL-0417
2026-09-16 09:45,3.9,Walk-in,Tel Aviv,TL-0417
2026-09-16 10:00,4.4,Walk-in,Tel Aviv,TL-0417
2026-09-16 10:15,4.1,Walk-in,Tel Aviv,TL-0417
2026-09-16 10:30,3.9,Walk-in,Tel Aviv,TL-0417
2026-09-16 10:45,4.3,Walk-in,Tel Aviv,TL-0417
2026-09-16 11:00,3.9,Walk-in,Tel Aviv,TL-0417
2026-09-16 11:15,3.9,Walk-in,Tel Aviv,TL-0417
2026-09-16 11:30,3.9,Walk-in,Tel Aviv,TL-0417
2026-09-16 11:45,3.9,Walk-in,Tel Aviv,TL-0417
2026-09-16 12:00,4.2,Walk-in,Tel Aviv,TL-0417
2026-09-16 12:15,4.1,Walk-in,Tel Aviv,TL-0417
2026-09-16 12:30,4.2,Walk-in,Tel Aviv,TL-0417
2026-09-16 12:45,4.0,Walk-in,Tel Aviv,TL-0417
2026-09-16 13:00,4.4,Walk-in,Tel Aviv,TL-0417
2026-09-16 13:15,4.3,Walk-in,Tel Aviv,TL-0417
2026-09-16 13:30,3.9,Walk-in,Tel Aviv,TL-0417
2026-09-16 13:45,4.1,Walk-in,Tel Aviv,TL-0417
2026-09-16 14:00,4.1,Walk-in,Tel Aviv,TL-0417
2026-09-16 14:15,4.2,Walk-in,Tel Aviv,TL-0417
2026-09-16 14:30,4.5,Walk-in,Tel Aviv,TL-0417
2026-09-16 14:45,4.3,Walk-in,Tel Aviv,TL-0417
2026-09-16 15:00,4.4,Walk-in,Tel Aviv,TL-0417
2026-09-16 15:15,4.3,Walk-in,Tel Aviv,TL-0417
2026-09-16 15:30,4.2,Walk-in,Tel Aviv,TL-0417
2026-09-16 15:45,4.0,Walk-in,Tel Aviv,TL-0417
2026-09-16 16:00,4.3,Walk-in,Tel Aviv,TL-0417
2026-09-16 16:15,4.2,Walk-in,Tel Aviv,TL-0417
2026-09-16 16:30,3.9,Walk-in,Tel Aviv,TL-0417
2026-09-16 16:45,4.5,Walk-in,Tel Aviv,TL-0417
2026-09-16 17:00,4.3,Walk-in,Tel Aviv,TL-0417
2026-09-16 17:15,4.0,Walk-in,Tel Aviv,TL-0417
2026-09-16 17:30,9.8,Walk-in,Tel Aviv,TL-0417
2026-09-16 17:45,4.0,Walk-in,Tel Aviv,TL-0417
2026-09-16 18:00,4.1,Walk-in,Tel Aviv,TL-0417
2026-09-16 18:15,4.2,Walk-in,Tel Aviv,TL-0417
2026-09-16 18:30,4.4,Walk-in,Tel Aviv,TL-0417
2026-09-16 18:45,4.0,Walk-in,Tel Aviv,TL-0417
2026-09-16 19:00,4.0,Walk-in,Tel Aviv,TL-0417
2026-09-16 19:15,3.9,Walk-in,Tel Aviv,TL-0417
2026-09-16 19:30,4.0,Walk-in,Tel Aviv,TL-0417
2026-09-16 19:45,4.4,Walk-in,Tel Aviv,TL-0417
2026-09-16 20:00,4.2,Walk-in,Tel Aviv,TL-0417
2026-09-16 20:15,4.1,Walk-in,Tel Aviv,TL-0417
2026-09-16 20:30,4.5,Walk-in,Tel Aviv,TL-0417
2026-09-16 20:45,4.0,Walk-in,Tel Aviv,TL-0417
2026-09-16 21:00,4.3,Walk-in,Tel Aviv,TL-0417
2026-09-16 21:15,3.9,Walk-in,Tel Aviv,TL-0417
2026-09-16 21:30,4.2,Walk-in,Tel Aviv,TL-0417
2026-09-16 21:45,4.4,Walk-in,Tel Aviv,TL-0417
2026-09-16 22:00,4.4,Walk-in,Tel Aviv,TL-0417
2026-09-16 22:15,4.2,Walk-in,Tel Aviv,TL-0417
2026-09-16 22:30,4.3,Walk-in,Tel Aviv,TL-0417
2026-09-16 22:45,4.1,Walk-in,Tel Aviv,TL-0417
2026-09-16 23:00,4.4,Walk-in,Tel Aviv,TL-0417
2026-09-16 23:15,4.2,Walk-in,Tel Aviv,TL-0417
2026-09-16 23:30,4.4,Walk-in,Tel Aviv,TL-0417
2026-09-16 23:45,3.9,Walk-in,Tel Aviv,TL-0417
2026-09-17 00:00,4.3,Walk-in,Tel Aviv,TL-0417
2026-09-17 00:15,4.2,Walk-in,Tel Aviv,TL-0417
2026-09-17 00:30,3.9,Walk-in,Tel Aviv,TL-0417
2026-09-17 00:45,4.5,Walk-in,Tel Aviv,TL-0417
2026-09-17 01:00,4.4,Walk-in,Tel Aviv,TL-0417
2026-09-17 01:15,4.4,Walk-in,Tel Aviv,TL-0417
2026-09-17 01:30,4.5,Walk-in,Tel Aviv,TL-0417
2026-09-17 01:45,4.0,Walk-in,Tel Aviv,TL-0417
2026-09-17 02:00,4.4,Walk-in,Tel Aviv,TL-0417
2026-09-17 02:15,4.5,Walk-in,Tel Aviv,TL-0417
2026-09-17 02:30,4.0,Walk-in,Tel Aviv,TL-0417
2026-09-17 02:45,3.9,Walk-in,Tel Aviv,TL-0417
2026-09-17 03:00,3.9,Walk-in,Tel Aviv,TL-0417
2026-09-17 03:15,4.0,Walk-in,Tel Aviv,TL-0417
2026-09-17 03:30,3.9,Walk-in,Tel Aviv,TL-0417
2026-09-17 03:45,4.0,Walk-in,Tel Aviv,TL-0417
2026-09-17 04:00,4.5,Walk-in,Tel Aviv,TL-0417
2026-09-17 04:15,4.2,Walk-in,Tel Aviv,TL-0417
2026-09-17 04:30,4.2,Walk-in,Tel Aviv,TL-0417
2026-09-17 04:45,4.3,Walk-in,Tel Aviv,TL-0417
2026-09-17 05:00,4.3,Walk-in,Tel Aviv,TL-0417
2026-09-17 05:15,9.4,Walk-in,Tel Aviv,TL-0417
2026-09-17 05:30,4.5,Walk-in,Tel Aviv,TL-0417
2026-09-17 05:45,4.0,Walk-in,Tel Aviv,TL-0417
